SampleID,SampleType,Species,Substrate,Age,BandID,CollectionSite,CollectionState,CollectionArea,NestID,SampleProcessingStartDate,SampleMassGrams,FiberCount,FibersPerGramSample,MethodsNotes,SyntheticPerGramSample,NaturalPerGramSample,DyedNaturalPerGramSample,SemiSyntheticPerGramSample,SyntheticCount,NaturalCount,DyedNaturalCount,SemiSyntheticCount
F071,fecal,COTE,"cloth, skin",AHY,,Monomoy NWR,MA,,,16-Dec,0.0012,8,6666.666667,"c, the two particles are these gray particles that I suspect are contamination",1215.686267,2078.4314,3294.117667,78.4314,1.45882352,2.49411768,3.9529412,0.09411768
F006,fecal,COTE,skin,AHY,,Seavey,NH,ROST area 9,,30-Jan,0.0021,12,5714.285714,,1042.0168,1781.512628,2823.529428,67.22691428,2.18823528,3.74117652,5.9294118,0.14117652
F057,fecal,ROST,skin,HY,AC5,Seavey,NH,,,10-Dec,0.0014,6,4285.714286,c,781.5126001,1336.134472,2117.647072,50.42018572,1.09411764,1.87058826,2.9647059,0.07058826
F163,fecal,COTE,cloth,AHY,,Barnegat Bay,NJ,Pettit Island,,7-Jan,0.0055,17,3090.909091,c,563.63636,963.6363764,1527.272736,36.36364909,3.09999998,5.30000007,8.40000005,0.20000007
F102,fecal,ROST,cloth,HY,,Seavey,NH,ROST area 9,R-04,30-Jan,0.0013,4,3076.923077,,561.0859692,959.2760308,1520.362,36.19910769,0.72941176,1.24705884,1.9764706,0.04705884
F074,fecal,COTE,"cloth, skin",AHY,,Monomoy NWR,MA,,,16-Dec,0.0039,8,2051.282051,nc,374.0573128,639.5173538,1013.574667,24.13273846,1.45882352,2.49411768,3.9529412,0.09411768
F161,fecal,COTE,skin,AHY,,Barnegat Bay,NJ,Cedar Bonnet E,,7-Jan,0.0078,15,1923.076923,"c, the potential gray particle is that gray stuff",350.6787308,599.5475192,950.22625,22.62444231,2.7352941,4.67647065,7.41176475,0.17647065
F165,fecal,COTE,skin,AHY,,Barnegat Bay,NJ,Little Sedge,,7-Jan,0.0093,12,1290.322581,"c, the two fbrx are these weird spirally things...similar to the fcl with the star on it",235.2941162,402.2770453,637.5711615,15.18027097,2.18823528,3.74117652,5.9294118,0.14117652
F077,fecal,COTE,skin,AHY,,Monomoy NWR,MA,,,7-Jan,0.015,19,1266.666667,nc,230.9803907,394.9019661,625.8823568,14.901966,3.46470586,5.92352949,9.38823535,0.22352949
F037,fecal,COTE,metal,HY,,Seavey,NH,plot 8,,17-Nov,0.0093,10,1075.268817,C,196.0784301,335.2308709,531.309301,12.6502258,1.8235294,3.1176471,4.9411765,0.1176471
F067,fecal,COTE,skin,AHY,,Monomoy NWR,MA,,,16-Dec,0.0051,5,980.3921569,"no boil step, c",178.7773922,305.6516765,484.4290686,11.53402941,0.9117647,1.55882355,2.47058825,0.05882355
F086,fecal,COTE,cloth,AHY,,Monomoy NWR,MA,,,7-Jan,0.0101,9,891.0891089,c,162.4927188,277.8101376,440.3028564,10.48340495,1.64117646,2.80588239,4.44705885,0.10588239
F103,fecal,ROST,cloth,HY,AC2,Seavey,NH,ROST area 9,,30-Jan,0.0079,7,886.0759494,,161.5785544,276.2472114,437.8257658,10.42442658,1.27647058,2.18235297,3.45882355,0.08235297
F044,fecal,ROST,cloth,HY,JL1,Seavey,NH,,,25-Nov,0.0091,8,879.1208791,C,160.3102769,274.0788659,434.3891428,10.3426022,1.45882352,2.49411768,3.9529412,0.09411768
F076,fecal,COTE,cloth,AHY,,Monomoy NWR,MA,,,16-Dec,0.0149,13,872.4832215,"c, 1p is that gray shit (same as in F071)",159.0998805,272.0094785,431.1093591,10.26451208,2.37058822,4.05294123,6.42352945,0.15294123
F105,fecal,ROST,cloth,HY,AC3,Seavey,NH,ROST area 9,R-09,30-Jan,0.0276,23,833.3333333,,151.9607833,259.803925,411.7647083,9.803925,4.19411762,7.17058833,11.36470595,0.27058833
F055,fecal,ROST,metal,HY,JP1,Seavey,NH,,,17-Nov,0.0121,10,826.446281,NC,150.7049091,257.6567851,408.3616942,9.722900827,1.8235294,3.1176471,4.9411765,0.1176471
F069,fecal,COTE,skin,AHY,,Monomoy NWR,MA,,,16-Dec,0.0161,13,807.4534161,c,147.2415043,251.7354801,398.9769844,9.499455279,2.37058822,4.05294123,6.42352945,0.15294123
F024,fecal,COTE,cloth,AHY,,White,NH,,,2-Nov,0.0166,13,783.1325301,NC,142.8065193,244.1530861,386.9596054,9.213327108,2.37058822,4.05294123,6.42352945,0.15294123
F092,fecal,ROST,metal,HY,AC1,Seavey,NH,,,10-Dec,0.018,14,777.7777778,c,141.8300644,242.4836633,384.3137278,9.15033,2.55294116,4.36470594,6.9176471,0.16470594
F104,fecal,ROST,cloth,HY,JP1,Seavey,NH,ROST area 9,,30-Jan,0.0129,10,775.1937984,,141.3588682,241.6780698,383.036938,9.119930232,1.8235294,3.1176471,4.9411765,0.1176471
F047,fecal,ROST,metal,HY,AE1,Seavey,NH,,,25-Nov,0.0145,11,758.6206897,NC,138.3367131,236.5111593,374.8478724,8.924952414,2.00588234,3.42941181,5.43529415,0.12941181
F085,fecal,COTE,"cloth, skin",AHY,,Monomoy NWR,MA,,,7-Jan,0.0199,15,753.7688442,nc,137.4519648,234.9985251,372.4504899,8.867871859,2.7352941,4.67647065,7.41176475,0.17647065
F009,fecal,COTE,skin,AHY,,Seavey,NH,plot 2,,29-Oct,0.01,7,700,"NC; fib: u,c,c*,b,bl,g,c,p; park: b,r,p,b",127.647058,218.235297,345.882355,8.235297,1.27647058,2.18235297,3.45882355,0.08235297
F158,fecal,COTE,cloth,AHY,,Barnegat Bay,NJ,Pettit Island,,12-Dec,0.0072,5,694.4444444,c,126.6339861,216.5032708,343.1372569,8.169937499,0.9117647,1.55882355,2.47058825,0.05882355
F145,fecal,COTE,vegetation,HY,1302-09139,Barnegat Bay,NJ,Cedar Bonnet E,,10-Nov,0.0117,8,683.7606838,C,124.6857709,213.1724513,337.8582222,8.044246154,1.45882352,2.49411768,3.9529412,0.09411768
F166,fecal,COTE,vegetation,HY,1302-09138,Barnegat Bay,NJ,Pettit Island,,16-Dec,0.0061,4,655.7377049,c,119.5756984,204.4358754,324.0115738,7.714563934,0.72941176,1.24705884,1.9764706,0.04705884
F093,fecal,COTE,cloth,HY,,Seavey,NH,plot 2,,25-Nov,0.0153,10,653.5947712,C,119.1849281,203.7677843,322.9527124,7.689352941,1.8235294,3.1176471,4.9411765,0.1176471
F025,fecal,COTE,skin,AHY,,White,NH,,,2-Nov,0.0235,15,638.2978723,C,116.3954936,198.9987511,315.3942447,7.509389361,2.7352941,4.67647065,7.41176475,0.17647065
F148,fecal,COTE,vegetation,HY,1302-09127,Barnegat Bay,NJ,Little Sedge,,10-Nov,0.0176,11,625,NC,113.9705875,194.8529438,308.8235313,7.35294375,2.00588234,3.42941181,5.43529415,0.12941181
F160,fecal,COTE,vegetation,HY,1302-09138,Barnegat Bay,NJ,Pettit Island,,16-Dec,0.005,3,600,c,109.411764,187.058826,296.47059,7.058826,0.54705882,0.93529413,1.48235295,0.03529413
F146,fecal,COTE,cloth,AHY,,Barnegat Bay,NJ,Little Sedge,,10-Nov,0.0107,6,560.7476636,C,102.2539851,174.8213327,277.0753178,6.597033645,1.09411764,1.87058826,2.9647059,0.07058826
F123,fecal,ROST,skin,HY,AF7,Seavey,NH,ROST area 8,,15-Jan,0.0221,12,542.9864253,nc,99.01517103,169.2840054,268.2991765,6.388077828,2.18823528,3.74117652,5.9294118,0.14117652
F070,fecal,COTE,"cloth, skin",AHY,,Monomoy NWR,MA,,,16-Dec,0.0204,11,539.2156863,"no boil step,c",98.32756569,168.1084221,266.4359878,6.343716177,2.00588234,3.42941181,5.43529415,0.12941181
F151,fecal,COTE,skin,AHY,,Barnegat Bay,NJ,West Vol,,12-Dec,0.0056,3,535.7142857,"c, dropped popsicle stick during boil step",97.689075,167.0168089,264.7058839,6.302523214,0.54705882,0.93529413,1.48235295,0.03529413
F075,fecal,COTE,cloth,AHY,,Monomoy NWR,MA,,,16-Dec,0.0236,12,508.4745763,c,92.7218339,158.5244288,251.2462627,5.982055933,2.18823528,3.74117652,5.9294118,0.14117652
F034,fecal,COTE,metal,HY,,Seavey,NH,plot 2,2-Feb,17-Nov,0.0125,6,480,NC,87.5294112,149.6470608,237.176472,5.6470608,1.09411764,1.87058826,2.9647059,0.07058826
F013,fecal,COTE,straw hat,AHY,,Seavey,NH,,,29-Oct,0.0193,9,466.3212435,"NC; fib: c,c,c,b,c,c,b,c,b",85.03504974,145.3825072,230.417557,5.486134197,1.64117646,2.80588239,4.44705885,0.10588239
F162,fecal,COTE,skin,AHY,,Barnegat Bay,NJ,Pettit Island,,7-Jan,0.0065,3,461.5384615,c,84.16289538,143.8914046,228.0543,5.429866153,0.54705882,0.93529413,1.48235295,0.03529413
F084,fecal,COTE,skin,AHY,,Monomoy NWR,MA,,,7-Jan,0.0177,8,451.9774011,c,82.4194079,140.9106034,223.3300113,5.31738305,1.45882352,2.49411768,3.9529412,0.09411768
F111,fecal,COTE,cloth,HY,36,Seavey,NH,plot 8,,7-Jan,0.0177,8,451.9774011,c,82.4194079,140.9106034,223.3300113,5.31738305,1.45882352,2.49411768,3.9529412,0.09411768
F112,fecal,COTE,metal,HY,F56,Seavey,NH,plot 8,,7-Jan,0.0179,8,446.9273743,nc,81.49852067,139.3361832,220.8347039,5.25797095,1.45882352,2.49411768,3.9529412,0.09411768
B018,blank,field blank,vegetation,,,White,NH,,,1/3/2020,0.0189,10,444.2083391,c,81.00269661,138.488484,219.4911806,5.225982289,1.8235294,3.1176471,4.9411765,0.1176471
F054,fecal,COTE,cloth,HY,,Seavey,NH,plot 5,,17-Nov,0.0229,10,436.6812227,C,79.6301048,136.1417948,215.7718996,5.137427948,1.8235294,3.1176471,4.9411765,0.1176471
F029,fecal,COTE,skin,AHY,,White,NH,,,2-Nov,0.0516,22,426.3565891,C,77.74737751,132.9229384,210.6703159,5.015961627,4.01176468,6.85882362,10.8705883,0.25882362
F144,fecal,COTE,cloth,AHY,,Barnegat Bay,NJ,Pettit Island,,10-Nov,0.0144,6,416.6666667,NC,75.98039167,129.9019625,205.8823542,4.9019625,1.09411764,1.87058826,2.9647059,0.07058826
F012,fecal,COTE,skin,AHY,,Seavey,NH,plot 6,,29-Oct,0.017,7,411.7647059,"NC; fib:g,c,c,c,b,b,b; part:b,b",75.08650471,128.3737041,203.4602088,4.844292353,1.27647058,2.18235297,3.45882355,0.08235297
F149,fecal,COTE,skin,AHY,,Barnegat Bay,NJ,Little Sedge,,10-Nov,0.0152,6,394.7368421,C,71.98142368,123.0650171,195.0464408,4.643964474,1.09411764,1.87058826,2.9647059,0.07058826
F010,fecal,COTE,cloth,AHY,,Seavey,NH,section 1,,30-Jan,0.028,11,392.8571429,,71.63865501,122.4789932,194.1176482,4.621850358,2.00588234,3.42941181,5.43529415,0.12941181
F082,fecal,COTE,skin,AHY,,Monomoy NWR,MA,,,15-Jan,0.0256,10,390.625,c,71.23161719,121.7830898,193.014707,4.595589844,1.8235294,3.1176471,4.9411765,0.1176471
F089,fecal,ROST,skin,HY,JN1,Seavey,NH,,,10-Dec,0.0155,6,387.0967742,nc,70.58823484,120.6831136,191.2713484,4.55408129,1.09411764,1.87058826,2.9647059,0.07058826
F073,fecal,COTE,skin,AHY,,Monomoy NWR,MA,,,16-Dec,0.0078,3,384.6153846,"no boil step, c",70.13574615,119.9095038,190.04525,4.524888461,0.54705882,0.93529413,1.48235295,0.03529413
F164,fecal,COTE,skin,AHY,,Barnegat Bay,NJ,Pettit Island,,7-Jan,0.0376,14,372.3404255,c,67.89737127,116.0826048,183.979976,4.380477127,2.55294116,4.36470594,6.9176471,0.16470594
F063,fecal,COTE,cloth,AHY,,Monomoy NWR,MA,,,16-Dec,0.0162,6,370.3703704,"no boil step, c",67.53812593,115.4684111,183.0065371,4.3573,1.09411764,1.87058826,2.9647059,0.07058826
B025,blank,field blank,straw hat,,,White,NH,,,16-Jan,0.0176,8,369.6532645,all of the fclx are the same weird shit from B011 and B020 and the number of approx,67.40735956,115.2448428,182.6522024,4.348863457,1.45882352,2.49411768,3.9529412,0.09411768
B024,blank,field blank,straw hat,,,White,NH,,,16-Jan,0.0155,7,366.7207132,this also has the same weird spirally shit as the other blanks but i didnt collect them this time.,66.87260021,114.3305768,181.203177,4.314362842,1.27647058,2.18235297,3.45882355,0.08235297
F117,fecal,COTE,rock,HY,664,Seavey,NH,,,30-Jan,0.0145,5,344.8275862,,62.88032414,107.5050724,170.3853965,4.056796552,0.9117647,1.55882355,2.47058825,0.05882355
F155,fecal,COTE,skin,AHY,,Barnegat Bay,NJ,Pettit Island,,12-Dec,0.0088,3,340.9090909,c,62.165775,106.2834239,168.4491989,4.010696591,0.54705882,0.93529413,1.48235295,0.03529413
F157,fecal,COTE,skin,AHY,,Barnegat Bay,NJ,Cedar Bonnet E,,12-Dec,0.0147,5,340.1360544,c,62.02480952,106.0424184,168.0672279,4.001602041,0.9117647,1.55882355,2.47058825,0.05882355
F049,fecal,COTE,metal,HY,F69,Seavey,NH,,,17-Nov,0.0119,4,336.1344538,C,61.29510589,104.7948605,166.0899664,3.95452437,0.72941176,1.24705884,1.9764706,0.04705884
F062,fecal,ROST,skin,HY,JW1,Seavey,NH,,,10-Dec,0.0179,6,335.1955307,c,61.1238905,104.5021374,165.6260279,3.943478212,1.09411764,1.87058826,2.9647059,0.07058826
F039,fecal,ROST,cloth,HY,,Seavey,NH,ROST area 2/3,,2-Nov,0.0272,9,330.8823529,C,60.33736985,103.1574408,163.4948106,3.892734926,1.64117646,2.80588239,4.44705885,0.10588239
F150,fecal,COTE,skin,AHY,,Barnegat Bay,NJ,Little Sedge,,12-Dec,0.0092,3,326.0869565,c,59.46291521,101.6624054,161.1253206,3.836318478,0.54705882,0.93529413,1.48235295,0.03529413
F087,fecal,ROST,skin,HY,AE8,Seavey,NH,,,10-Dec,0.0095,3,315.7894737,nc,57.58513895,98.45201369,156.0371526,3.715171579,0.54705882,0.93529413,1.48235295,0.03529413
F004,fecal,COTE,Straw hat,AHY,,Seavey,NH,,,22-Oct,0.0519,16,308.2851638,C,56.21670598,96.11243469,152.3291407,3.626885549,2.91764704,4.98823536,7.9058824,0.18823536
F116,fecal,COTE,cloth,HY,29,Seavey,NH,section 4,,30-Jan,0.0235,7,297.8723404,,54.31789702,92.86608382,147.1839808,3.504381702,1.27647058,2.18235297,3.45882355,0.08235297
F016,fecal,COTE,cloth,AHY,,Seavey,NH,,,30-Oct,0.0275,8,290.9090909,C,53.048128,90.69518836,143.7433164,3.422461091,1.45882352,2.49411768,3.9529412,0.09411768
F152,fecal,COTE,skin,AHY,,Barnegat Bay,NJ,West Vol,,12-Dec,0.0104,3,288.4615385,c,52.60180962,89.9321279,142.5339375,3.393666347,0.54705882,0.93529413,1.48235295,0.03529413
F154,fecal,COTE,skin,AHY,,Barnegat Bay,NJ,West Vol,,12-Dec,0.007,2,285.7142857,"c, was fill of weird pink particles that would fall apart when touched so they were difficult to collect but i think i managed to pick up some of it in two of the particles",52.10084,89.07563142,141.1764714,3.361345714,0.36470588,0.62352942,0.9882353,0.02352942
F110,fecal,COTE,"rock, cloth",HY,,Seavey,NH,plot 2,,7-Jan,0.0361,10,277.0083102,nc,50.51327977,86.3614155,136.8746953,3.258922437,1.8235294,3.1176471,4.9411765,0.1176471
B021,blank,field blank,metal,,,White,NH,,,16-Jan,0.0194,7,275.9325523,all of the fclx are the same weird shit from B011 and B020 and the number of approx,50.31711215,86.02603215,136.3431443,3.246266457,1.27647058,2.18235297,3.45882355,0.08235297
F068,fecal,COTE,skin,AHY,,Monomoy NWR,MA,,,16-Dec,0.0182,5,274.7252747,"no boil step, nc",50.09696153,85.6496456,135.7466071,3.232063187,0.9117647,1.55882355,2.47058825,0.05882355
F017,fecal,COTE,cloth,AHY,,White,NH,,,30-Oct,0.0296,8,270.2702703,C,49.28457838,84.26073244,133.5453108,3.179651352,1.45882352,2.49411768,3.9529412,0.09411768
F002,fecal,COTE,cloth,AHY,,Seavey,NH,ROST area 9,,22-Oct,0.0187,5,267.3796791,C,48.75747058,83.35954811,132.1170187,3.145644385,0.9117647,1.55882355,2.47058825,0.05882355
F106,fecal,COTE,metal,HY,,Seavey,NH,plot 5,,25-Nov,0.0347,9,259.3659942,c,47.29615158,80.86116397,128.1573155,3.051365706,1.64117646,2.80588239,4.44705885,0.10588239
F109,fecal,COTE,skin,HY,,Seavey,NH,plot 6,,7-Jan,0.0442,11,248.8687783,c,45.3819534,77.58850249,122.9704559,2.927869005,2.00588234,3.42941181,5.43529415,0.12941181
F040,fecal,COTE,metal,HY,,Seavey,NH,,1-May,17-Nov,0.0161,4,248.447205,C,45.30507827,77.45707082,122.7621491,2.922909317,0.72941176,1.24705884,1.9764706,0.04705884
F023,fecal,COTE,straw hat,AHY,,White,NH,,,2-Nov,0.0451,11,243.902439,C,44.47632682,76.04017316,120.5165,2.869441463,2.00588234,3.42941181,5.43529415,0.12941181
F095,fecal,ROST,cloth,HY,AB3,Seavey,NH,ROST area 2,R-37,10-Dec,0.0288,7,243.0555556,nc,44.32189515,75.77614481,120.09804,2.859478126,1.27647058,2.18235297,3.45882355,0.08235297
F003,fecal,COTE,Straw hat,AHY,,Seavey,NH,,,22-Oct,0.0458,11,240.1746725,C,43.79655764,74.87798712,118.6745448,2.825585371,2.00588234,3.42941181,5.43529415,0.12941181
F065,fecal,COTE,cloth,AHY,,Monomoy NWR,MA,,,16-Dec,0.0084,2,238.0952381,"no boil step, nc",43.41736667,74.22969286,117.6470595,2.801121429,0.36470588,0.62352942,0.9882353,0.02352942
F126,fecal,COTE,cloth,HY,F49,White,NH,lawn,W.T,30-Jan,0.0169,4,236.6863905,,43.16045917,73.7904639,116.9509231,2.784546745,0.72941176,1.24705884,1.9764706,0.04705884
F122,fecal,ROST,skin,HY,AH0,Seavey,NH,ROST area 8,,15-Jan,0.0297,7,235.6902357,c,42.97880741,73.47989798,116.4587054,2.772827273,1.27647058,2.18235297,3.45882355,0.08235297
F001,fecal,COTE,cloth,AHY,,Seavey,NH,Prod Plot 2,,22-Oct,0.0468,11,235.042735,C,42.86073375,73.27803011,116.1387639,2.765209615,2.00588234,3.42941181,5.43529415,0.12941181
F147,fecal,COTE,cloth,AHY,,Barnegat Bay,NJ,Cedar Bonnet E,,10-Nov,0.0317,7,220.8201893,C,40.26721073,68.84394228,109.111153,2.597885489,1.27647058,2.18235297,3.45882355,0.08235297
F026,fecal,COTE,skin,AHY,,White,NH,,,2-Nov,0.0862,19,220.4176334,NC,40.19380348,68.71843956,108.912243,2.593149536,3.46470586,5.92352949,9.38823535,0.22352949
F048,fecal,COTE,metal,HY,F71,Seavey,NH,,,17-Nov,0.0322,7,217.3913043,NC,39.64194347,67.77493694,107.4168804,2.557545652,1.27647058,2.18235297,3.45882355,0.08235297
B011,blank,field blank,data sheet,,,White,NH,,,15-Jan,0.0167,5,214.5090076,all of the fclx are the same weird shit from B012 and B020 and the number of approx,39.11634819,66.87633855,105.9926867,2.523636267,0.9117647,1.55882355,2.47058825,0.05882355
F064,fecal,COTE,"cloth, skin",AHY,,Monomoy NWR,MA,,,16-Dec,0.0282,6,212.7659574,"no boil step,c",38.79849786,66.33291701,105.1314149,2.503129787,1.09411764,1.87058826,2.9647059,0.07058826
F090,fecal,ROST,cloth,HY,JB1,Seavey,NH,,,10-Dec,0.0282,6,212.7659574,nc,38.79849786,66.33291701,105.1314149,2.503129787,1.09411764,1.87058826,2.9647059,0.07058826
F072,fecal,COTE,skin,AHY,,Monomoy NWR,MA,,,16-Dec,0.0331,7,211.4803625,"no boil step, nc, also had some of the wir particles like in F070 (1px; didnt collect them or count them in the potential particle count)",38.56406585,65.93211389,104.4961797,2.488005136,1.27647058,2.18235297,3.45882355,0.08235297
F066,fecal,COTE,skin,AHY,,Monomoy NWR,MA,,,16-Dec,0.0195,4,205.1282051,"no boil step, c",37.40573128,63.95173538,101.3574667,2.413273846,0.72941176,1.24705884,1.9764706,0.04705884
F156,fecal,COTE,vegetation,HY,1302-09167,Barnegat Bay,NJ,Pettit Island,,12-Dec,0.0098,2,204.0816327,c,37.21488572,63.62545104,100.8403368,2.400961225,0.36470588,0.62352942,0.9882353,0.02352942
F052,fecal,ROST,metal,HY,JE1,Seavey,NH,,,25-Nov,0.0297,6,202.020202,C,36.83897777,62.98276969,99.82174746,2.376709091,1.09411764,1.87058826,2.9647059,0.07058826
F088,fecal,ROST,cloth,HY,,Seavey,NH,ROST area 9,,10-Dec,0.02,4,200,c,36.470588,62.352942,98.82353,2.352942,0.72941176,1.24705884,1.9764706,0.04705884
F125,fecal,COTE,data sheet,HY,23,Seavey,NH,plot 5,,30-Jan,0.0301,6,199.3355482,,36.34942326,62.14578938,98.49521264,2.345124917,1.09411764,1.87058826,2.9647059,0.07058826
F153,fecal,COTE,cloth,AHY,,Barnegat Bay,NJ,West Vol,,12-Dec,0.0107,2,186.9158879,c,34.08466169,58.27377759,92.35843928,2.199011216,0.36470588,0.62352942,0.9882353,0.02352942
F021,fecal,COTE,cloth,AHY,,Seavey,NH,section 3,,30-Oct,0.0284,5,176.056338,NC,32.10439084,54.88815316,86.992544,2.07125176,0.9117647,1.55882355,2.47058825,0.05882355
F129,fecal,COTE,skin,AHY,,Seavey,NH,section 1,,15-Jan,0.0461,8,173.5357918,,31.64476183,54.10233581,85.74709764,2.041598265,1.45882352,2.49411768,3.9529412,0.09411768
F128,fecal,COTE,metal,HY,F53,Seavey,NH,,,30-Jan,0.0358,6,167.5977654,,30.56194526,52.25106873,82.81301398,1.971739107,1.09411764,1.87058826,2.9647059,0.07058826
F094,fecal,COTE,paper,HY,507,Seavey,NH,plot 8,,25-Nov,0.03,5,166.6666667,NC,30.39215667,51.96078501,82.35294168,1.960785,0.9117647,1.55882355,2.47058825,0.05882355
F096,fecal,COTE,cloth,HY,503,Seavey,NH,plot 2,,25-Nov,0.05,8,160,NC,29.1764704,49.8823536,79.058824,1.8823536,1.45882352,2.49411768,3.9529412,0.09411768
F130,fecal,COTE,paper hat,AHY,,Seavey,NH,,,30-Jan,0.0379,6,158.3113456,,28.86853931,49.35589075,78.22443006,1.862487071,1.09411764,1.87058826,2.9647059,0.07058826
F020,fecal,ROST,rock,AHY,X13,Seavey,NH,ROST area 8,,30-Oct,0.026,4,153.8461538,C,28.05429845,47.96380152,76.01809998,1.809955384,0.72941176,1.24705884,1.9764706,0.04705884
F005,fecal,COTE,cloth,AHY,,Seavey,NH,ROST area 9,,22-Oct,0.0461,7,151.8438178,C,27.6891666,47.33954382,75.02871042,1.786398482,1.27647058,2.18235297,3.45882355,0.08235297
F097,fecal,COTE,paper,HY,,Seavey,NH,plot 2,,25-Nov,0.0268,4,149.2537313,C,27.21685671,46.53204626,73.74890296,1.755926865,0.72941176,1.24705884,1.9764706,0.04705884
B013,blank,field blank,rock,,,White,NH,,,1/3/2020,0.03,7,148.4411433,c,27.0686789,46.27870999,73.34738889,1.746367003,1.27647058,2.18235297,3.45882355,0.08235297
F137,fecal,COTE,skin,HY,691,Seavey,NH,section 4,,30-Jan,0.0271,4,147.601476,the two px might be contamination,26.9155631,46.01693136,72.93249446,1.736488561,0.72941176,1.24705884,1.9764706,0.04705884
F140,fecal,COTE,skin,HY,1302-09147,Barnegat Bay,NJ,Cedar Bonnet E,,10-Nov,0.0737,10,135.6852103,C,24.74259701,42.30186024,67.04445725,1.59629715,1.8235294,3.1176471,4.9411765,0.1176471
F143,fecal,COTE,cloth,AHY,,Barnegat Bay,NJ,Pettit Island,,10-Nov,0.0228,3,131.5789474,C,23.9938079,41.02167238,65.01548028,1.547988158,0.54705882,0.93529413,1.48235295,0.03529413
F167,fecal,COTE,vegetation,HY,1302-09174,Barnegat Bay,NJ,Pettit Island,,16-Dec,0.0239,3,125.5230126,c,22.88949039,39.13364562,62.02313601,1.476741842,0.54705882,0.93529413,1.48235295,0.03529413
B017,blank,field blank,vegetation,,,White,NH,,,1/3/2020,0.0487,10,120.446619,"c, the potential particle is the gray fuzzy stuff that I think is contamination",21.96379509,37.55100524,59.51480033,1.417019543,1.8235294,3.1176471,4.9411765,0.1176471
F042,fecal,COTE,cloth,AHY,,White,NH,,,30-Jan,0.0392,4,102.0408163,,18.60744285,31.8127255,50.42016835,1.200480612,0.72941176,1.24705884,1.9764706,0.04705884
B010,blank,field blank,data sheet,,,White,NH,,,10-Nov,0.0269,5,100.9814159,C,18.41425807,31.48244184,49.89669992,1.188017073,0.9117647,1.55882355,2.47058825,0.05882355
B022,blank,field blank,metal,,,White,NH,,,16-Jan,0.0269,5,100.9814159,all of the fclx are the same weird shit from B011 and B020 and the number of approx,18.41425807,31.48244184,49.89669992,1.188017073,0.9117647,1.55882355,2.47058825,0.05882355
F011,fecal,COTE,skin,AHY,,Seavey,NH,section 1,,29-Oct,0.1788,18,100.6711409,"NC; fib: c,c,b,b,c,c,pu,b,c,c,b,b,c,c,c,g,r; part: r*,b,b,bl,c",18.35767852,31.38570905,49.74338756,1.184366778,3.28235292,5.61176478,8.8941177,0.21176478
F036,fecal,COTE,cloth,HY,,Seavey,NH,section 2,,17-Nov,0.0401,4,99.75062344,NC,18.18981945,31.09872419,49.28854364,1.173537157,0.72941176,1.24705884,1.9764706,0.04705884
B008,blank,field blank,cloth,,,White,NH,,,10-Nov,0.0224,4,93.67923857,C,17.08268457,29.20588065,46.28856522,1.102109075,0.72941176,1.24705884,1.9764706,0.04705884
F022,fecal,COTE,cloth,AHY,,Seavey,NH,section 3,,30-Oct,0.011,1,90.90909091,C,16.57754,28.34224636,44.91978636,1.069519091,0.18235294,0.31176471,0.49411765,0.01176471
F015,fecal,COTE,straw hat,AHY,,Seavey,NH,,,30-Oct,0.101,9,89.10891089,"NC; sample was very gross and gunky, do not feel very confident that I saw all of the plastics in this one",16.24927188,27.78101376,44.03028564,1.048340495,1.64117646,2.80588239,4.44705885,0.10588239
F118,fecal,ROST,metal,HY,AA3,Seavey,NH,,,15-Jan,0.0471,4,84.92569002,,15.48644926,26.47683312,41.96328238,0.999126115,0.72941176,1.24705884,1.9764706,0.04705884
F038,fecal,ROST,cloth,HY,,Seavey,NH,ROST area 2/3,,2-Nov,0.0391,3,76.72634271,C,13.99127417,23.92056598,37.91184015,0.902663171,0.54705882,0.93529413,1.48235295,0.03529413
F028,fecal,COTE,skin,AHY,,White,NH,,,2-Nov,0.0416,3,72.11538462,C,13.1504524,22.48303197,35.63348438,0.848416587,0.54705882,0.93529413,1.48235295,0.03529413
B003,blank,field blank,skin,,,White,NH,,,10-Nov,0.0397,6,66.24131126,C,12.07929786,20.65170319,32.73100105,0.779309817,1.09411764,1.87058826,2.9647059,0.07058826
F127,fecal,COTE,"wood, metal",HY,41,White,NH,lawn,,30-Jan,0.1068,7,65.54307116,,11.95197172,20.43401657,32.3859883,0.771095225,1.27647058,2.18235297,3.45882355,0.08235297
F139,fecal,COTE,skin,HY,,Seavey,NH,section 3,,30-Jan,0.0779,5,64.18485237,the px may be contamination (it is the same as the px from F137; this was a very goopy sample and I did the reaction twice for a total rxn time of 35 mins (so i took it off right after the second reaction cooled down),11.70429653,20.01057189,31.71486842,0.755116175,0.9117647,1.55882355,2.47058825,0.05882355
B002,blank,field blank,skin,,,White,NH,,,10-Nov,0.0408,6,62.16663353,C,11.33626839,19.38136247,30.71763087,0.731372415,1.09411764,1.87058826,2.9647059,0.07058826
B015,blank,field blank,rock,,,White,NH,,,1/3/2020,0.041,6,61.44927341,"c, the bottom of this beaker cracked and it leaked a bit",11.20545567,19.1577149,30.36317057,0.722932881,1.09411764,1.87058826,2.9647059,0.07058826
B016,blank,field blank,vegetation,,,White,NH,,,1/3/2020,0.0277,4,59.51214213,"c, the potential particle is the gray fuzzy stuff that I think is contamination",10.85221408,18.55378573,29.40599982,0.700143094,0.72941176,1.24705884,1.9764706,0.04705884
F107,fecal,COTE,metal,HY,,Seavey,NH,plot 5,,25-Nov,0.1013,6,59.23000987,c,10.80076644,18.46582685,29.26659329,0.696823889,1.09411764,1.87058826,2.9647059,0.07058826
B007,blank,field blank,cloth,,,White,NH,,,10-Nov,0.0418,6,58.64847986,C,10.69472273,18.28452632,28.97924904,0.689982357,1.09411764,1.87058826,2.9647059,0.07058826
F091,fecal,COTE,vegetation,HY,,Seavey,NH,area 1,,17-Nov,0.0519,2,38.53564547,NC,7.027088246,12.01405433,19.04114258,0.453360694,0.36470588,0.62352942,0.9882353,0.02352942
B014,blank,field blank,rock,,,White,NH,,,1/3/2020,0.033,4,36.31993121,c,6.623046237,11.32327282,17.94631906,0.427293458,0.72941176,1.24705884,1.9764706,0.04705884
B012,blank,field blank,data sheet,,,White,NH,,,15-Jan,0.0171,2,32.06687433,"c, 8 of the fcl are this weird spirally shit i have never seen before.... I am pretty sure this is some kind of contamination because it is present in B020 as well",5.847488811,9.997319776,15.84480859,0.377257477,0.36470588,0.62352942,0.9882353,0.02352942
F027,fecal,COTE,skin,AHY,,White,NH,,,2-Nov,0.3684,10,27.14440825,NC; the poop in this one didnt get fully digested,4.949862649,8.462668566,13.41253122,0.319346091,1.8235294,3.1176471,4.9411765,0.1176471
B009,blank,field blank,cloth,,,White,NH,,,10-Nov,0.0272,3,25.40192765,C,4.632116189,7.919424607,12.5515408,0.298846312,0.54705882,0.93529413,1.48235295,0.03529413
F142,fecal,COTE,cloth,AHY,,Barnegat Bay,NJ,Cedar Bonnet E,,10-Nov,0.1128,2,17.73049645,C; popsicle stick burned,3.233208155,5.527743084,8.760951239,0.208594149,0.36470588,0.62352942,0.9882353,0.02352942
B005,blank,field blank,cloth,,,White,NH,,,10-Nov,0.0968,9,8.083016612,C,1.473961843,2.51999933,3.993961173,0.095094346,1.64117646,2.80588239,4.44705885,0.10588239
F108,fecal,COTE,metal,HY,,Seavey,NH,plot 5,,25-Nov,0.0334,0,0,nc,0,0,0,0,0,0,0,0
F159,fecal,COTE,cloth,AHY,,Barnegat Bay,NJ,Pettit Island,,12-Dec,0.0081,0,0,c,0,0,0,0,0,0,0,0
B032,blank,field blank,paper,,,White,NH,,,16-Jan,0.0375,3,0,"the px in this one is estimated and werent collected, they are the same as the px from all the other pumpkin blanks",0,0,0,0,0.54705882,0.93529413,1.48235295,0.03529413
B023,blank,field blank,straw hat,,,White,NH,,,1/3/2020,0.0266,2,0,c,0,0,0,0,0.36470588,0.62352942,0.9882353,0.02352942
B001,blank,field blank,skin,,,White,NH,,,10-Nov,0.0295,2,0,C,0,0,0,0,0.36470588,0.62352942,0.9882353,0.02352942
B004,blank,field blank,cloth,,,White,NH,,,10-Nov,0.0305,2,0,C,0,0,0,0,0.36470588,0.62352942,0.9882353,0.02352942
B006,blank,field blank,cloth,,,White,NH,,,10-Nov,0.042,2,0,C,0,0,0,0,0.36470588,0.62352942,0.9882353,0.02352942
B020,blank,field blank,metal,,,White,NH,,,16-Jan,0.0749,2,0,"c, the approx 20 fclx are again that weird spirally shit that are also present in B012.",0,0,0,0,0.36470588,0.62352942,0.9882353,0.02352942
LB01,blank,lab blank,,,,,lab,,,11/15/2019,,0,,C,,,,,0,0,0,0
LB02,blank,lab blank,,,,,lab,,,11/15/2019,,3,,C,,,,,0.54705882,0.93529413,1.48235295,0.03529413
LB02,blank,lab blank,,,,,lab,,,11/15/2019,,3,,C,,,,,0.54705882,0.93529413,1.48235295,0.03529413
LB04,blank,lab blank,,,,,lab,,,11/20/2019,,2,,"kim blank, C",,,,,0.36470588,0.62352942,0.9882353,0.02352942
LB05,blank,lab blank,,,,,lab,,,11/20/2019,,8,,"kim blank, C, this sample overlaps with another LB05 and i am very fucking confused",,,,,1.45882352,2.49411768,3.9529412,0.09411768
LB05,blank,lab blank,,,,,lab,,,12-Feb,,0,,contain black specs that all other blanks have and that normal samples have that i ignore. the specks are from melted plastic from gloves on the hot plates.,,,,,0,0,0,0
LB06,blank,lab blank,,,,,lab,,,12-Feb,,6,,contain black specs that all other blanks have and that normal samples have that i ignore. the specks are from melted plastic from gloves on the hot plates.,,,,,1.09411764,1.87058826,2.9647059,0.07058826
LB07,blank,lab blank,,,,,lab,,,12-Feb,,0,,contain black specs that all other blanks have and that normal samples have that i ignore. the specks are from melted plastic from gloves on the hot plates.,,,,,0,0,0,0
LB08,blank,lab blank,,,,,lab,,,12-Feb,,2,,contain black specs that all other blanks have and that normal samples have that i ignore. the specks are from melted plastic from gloves on the hot plates.,,,,,0.36470588,0.62352942,0.9882353,0.02352942
LB09,blank,lab blank,,,,,lab,,,20-Feb,,4,,contain black specs that all other blanks have and that normal samples have that i ignore. the specks are from melted plastic from gloves on the hot plates.,,,,,0.72941176,1.24705884,1.9764706,0.04705884
LB10,blank,lab blank,,,,,lab,,,20-Feb,,1,,contain black specs that all other blanks have and that normal samples have that i ignore. the specks are from melted plastic from gloves on the hot plates.,,,,,0.18235294,0.31176471,0.49411765,0.01176471
LB11,blank,lab blank,,,,,lab,,,20-Feb,,2,,contain black specs that all other blanks have and that normal samples have that i ignore. the specks are from melted plastic from gloves on the hot plates.,,,,,0.36470588,0.62352942,0.9882353,0.02352942
LB12,blank,lab blank,,,,,lab,,,20-Feb,,2,,contain black specs that all other blanks have and that normal samples have that i ignore. the specks are from melted plastic from gloves on the hot plates.,,,,,0.36470588,0.62352942,0.9882353,0.02352942
LB13,blank,lab blank,,,,,lab,,,20-Feb,,3,,contain black specs that all other blanks have and that normal samples have that i ignore. the specks are from melted plastic from gloves on the hot plates.,,,,,0.54705882,0.93529413,1.48235295,0.03529413
LB14,blank,lab blank,,,,,lab,,,20-Feb,,3,,contain black specs that all other blanks have and that normal samples have that i ignore. the specks are from melted plastic from gloves on the hot plates.,,,,,0.54705882,0.93529413,1.48235295,0.03529413
